/*
MySQL Backup
Database: CQCQ
Backup Time: 2020-05-13 18:41:31
*/

SET FOREIGN_KEY_CHECKS=0;
DROP TABLE IF EXISTS `CQCQ`.`counselor`;
DROP TABLE IF EXISTS `CQCQ`.`dorm`;
DROP TABLE IF EXISTS `CQCQ`.`record`;
DROP TABLE IF EXISTS `CQCQ`.`student`;
CREATE TABLE `counselor` (
  `id` int(11) NOT NULL COMMENT '学号',
  `username` varchar(16) NOT NULL COMMENT '学生填宿舍号，辅导员填姓名',
  `password` varchar(32) NOT NULL COMMENT '密码，md5加密',
  `email` varchar(32) DEFAULT NULL COMMENT '电子邮箱',
  `phone` varchar(11) DEFAULT NULL COMMENT '手机号码',
  `grade` int(4) NOT NULL COMMENT '年级',
  `department` varchar(16) NOT NULL COMMENT '系别',
  PRIMARY KEY (`id`) USING BTREE
) ENGINE=MyISAM DEFAULT CHARSET=utf8 ROW_FORMAT=DYNAMIC;
CREATE TABLE `dorm` (
  `id` int(11) NOT NULL AUTO_INCREMENT,
  `block` varchar(8) NOT NULL,
  `room` varchar(8) NOT NULL,
  `dorm_num` varchar(16) NOT NULL,
  `student_id` int(11) NOT NULL,
  PRIMARY KEY (`id`) USING BTREE
) ENGINE=MyISAM AUTO_INCREMENT=71 DEFAULT CHARSET=utf8 ROW_FORMAT=DYNAMIC;
CREATE TABLE `record` (
  `id` int(11) NOT NULL AUTO_INCREMENT,
  `photo` varchar(256) DEFAULT NULL COMMENT '照片地址',
  `dorm_id` int(11) NOT NULL COMMENT '宿舍号',
  `rand_num` int(11) NOT NULL COMMENT '随机号码',
  `start_time` datetime DEFAULT NULL COMMENT '开始时间',
  `upload_time` datetime DEFAULT NULL COMMENT '上传时间',
  `end_time` datetime DEFAULT NULL COMMENT '结束时间',
  `deleted` int(1) DEFAULT '0' COMMENT '0：未删除，1：已删除',
  PRIMARY KEY (`id`) USING BTREE
) ENGINE=MyISAM DEFAULT CHARSET=utf8 ROW_FORMAT=DYNAMIC;
CREATE TABLE `student` (
  `id` int(11) NOT NULL COMMENT '学号',
  `sex` varchar(2) NOT NULL COMMENT '性别',
  `username` varchar(16) NOT NULL COMMENT '学生填宿舍号，辅导员填姓名',
  `password` varchar(32) NOT NULL COMMENT '密码，md5加密',
  `email` varchar(32) DEFAULT NULL COMMENT '电子邮箱',
  `phone` varchar(11) DEFAULT NULL COMMENT '手机号码',
  `grade` int(4) NOT NULL COMMENT '年级',
  `department` varchar(16) NOT NULL COMMENT '系别',
  PRIMARY KEY (`id`) USING BTREE
) ENGINE=MyISAM DEFAULT CHARSET=utf8 ROW_FORMAT=DYNAMIC;
BEGIN;
LOCK TABLES `CQCQ`.`counselor` WRITE;
DELETE FROM `CQCQ`.`counselor`;
INSERT INTO `CQCQ`.`counselor` (`id`,`username`,`password`,`email`,`phone`,`grade`,`department`) VALUES (21205, '辅导员', '56fd5917490347979c5ae843d0221251', '1052488436@qq.com', '17720748920', 2017, '计算机工程系'),(1412, '测试', '02087b6536d7f8e1c50336c8d76b7657', NULL, NULL, 2017, '计算机工程系');
UNLOCK TABLES;
COMMIT;
BEGIN;
LOCK TABLES `CQCQ`.`dorm` WRITE;
DELETE FROM `CQCQ`.`dorm`;
INSERT INTO `CQCQ`.`dorm` (`id`,`block`,`room`,`dorm_num`,`student_id`) VALUES (1, '中二', '104', '中二#104', 211706168),(2, '中二', '105', '中二#105', 211706216),(3, '中二', '106', '中二#106', 211706191),(4, '中二', '107', '中二#107', 211706154),(5, '中二', '108', '中二#108', 211706219),(6, '中二', '111', '中二#111', 211706145),(7, '中二', '112', '中二#112', 211706164),(8, '中二', '113', '中二#113', 211706190),(9, '中二', '114', '中二#114', 211706124),(10, '中二', '115', '中二#115', 211706148),(11, '中二', '116', '中二#116', 211706214),(12, '中二', '117', '中二#117', 211706217),(13, '中二', '118', '中二#118', 211706170),(14, '中二', '119', '中二#119', 211706188),(15, '中二', '120', '中二#120', 211706220),(16, '中二', '121', '中二#121', 211706107),(17, '中二', '122', '中二#122', 211706158),(18, '中二', '123', '中二#123', 211706112),(19, '中二', '201', '中二#201', 211706143),(20, '中二', '202', '中二#202', 211706144),(21, '中二', '203', '中二#203', 211706215),(22, '中二', '204', '中二#204', 211706117),(23, '中二', '205', '中二#205', 211706522),(24, '中二', '206', '中二#206', 211706543),(25, '中二', '207', '中二#207', 211706511),(26, '中二', '208', '中二#208', 211706548),(27, '中二', '209', '中二#209', 211706541),(28, '中二', '210', '中二#210', 211706542),(29, '中二', '213', '中二#213', 211706413),(30, '中二', '214', '中二#214', 211706388),(31, '中二', '215', '中二#215', 211706396),(32, '中二', '216', '中二#216', 211706351),(33, '中二', '217', '中二#217', 211706364),(34, '中二', '218', '中二#218', 211706382),(35, '中二', '219', '中二#219', 211706381),(36, '中二', '220', '中二#220', 211706318),(37, '中二', '221', '中二#221', 211706366),(38, '中二', '222', '中二#222', 211706328),(39, '中二', '223', '中二#223', 211706326),(40, '中二', '224', '中二#224', 211706345),(41, '中二', '225', '中二#225', 211706407),(42, '中二', '301', '中二#301', 211706402),(43, '中二', '302', '中二#302', 211706346),(44, '中二', '303', '中二#303', 211706310),(45, '中二', '304', '中二#304', 211706343),(46, '中二', '305', '中二#305', 211706316),(47, '中二', '306', '中二#306', 211706325),(48, '中二', '307', '中二#307', 211706303),(49, '中二', '308', '中二#308', 211706333),(50, '中二', '309', '中二#309', 211706410),(51, '中二', '310', '中二#310', 211706307),(52, '中二', '313', '中二#313', 211706400),(53, '中二', '314', '中二#314', 211701165),(54, '中二', '411', '中二#411', 211701148),(55, '东二', '410', '东二#410', 211706130),(56, '东二', '411', '东二#411', 211706152),(57, '东二', '412', '东二#412', 211706104),(58, '东二', '413', '东二#413', 211706509),(59, '东二', '414', '东二#414', 211706153),(60, '东二', '415', '东二#415', 211706106),(61, '东二', '416', '东二#416', 211706377),(62, '东二', '417', '东二#417', 211706334),(63, '东二', '418', '东二#418', 211706419),(64, '东二', '419', '东二#419', 211706350),(65, '东二', '421', '东二#421', 211706524),(66, '东二', '422', '东二#422', 211706540),(67, '东二', '423', '东二#423', 211706510),(68, '东二', '424', '东二#424', 211706367),(69, '东二', '425', '东二#425', 211706507),(70, '东二', '426', '东二#426', 211706506);
UNLOCK TABLES;
COMMIT;
BEGIN;
LOCK TABLES `CQCQ`.`record` WRITE;
DELETE FROM `CQCQ`.`record`;
UNLOCK TABLES;
COMMIT;
BEGIN;
LOCK TABLES `CQCQ`.`student` WRITE;
DELETE FROM `CQCQ`.`student`;
INSERT INTO `CQCQ`.`student` (`id`,`sex`,`username`,`password`,`email`,`phone`,`grade`,`department`) VALUES (211706168, '男', '中二#104', 'c49497b124be3af1929e40f4fc9dcf75', '287928201@qq.com', '17720770230', 2017, '计算机工程系'),(211706216, '男', '中二#105', '8bec4bd987afbd924eb9f06f93c2a354', '1226959428@qq.com', '13489936142', 2017, '计算机工程系'),(211706191, '男', '中二#106', '41899ad4016c0aebc49ab5605b728a94', '2054301703@qq.com', '15642628007', 2017, '计算机工程系'),(211706154, '男', '中二#107', 'd166876d0ec9e335360b52d3c4cfafda', '2282738788@qq.com', '17720768132', 2017, '计算机工程系'),(211706219, '男', '中二#108', 'c160dc62ca9bd990412f00ddb423a371', '1149167699@qq.com', '18750750292', 2017, '计算机工程系'),(211706145, '男', '中二#111', '4161034411c142683540734e09658566', '1623749924@qq.com', '17720771029', 2017, '计算机工程系'),(211706164, '男', '中二#112', 'a891251a40cc5513dbb0532aab4a749a', '10672661@qq.com', '18065020626', 2017, '计算机工程系'),(211706190, '男', '中二#113', '80dacf798ff7056242d7573399fd40ea', '1546848781@qq.com', '13159420395', 2017, '计算机工程系'),(211706124, '男', '中二#114', 'f0c1e84d389bbf6c29511195b0dab0f7', '1034280691@qq.com', '13862187466', 2017, '计算机工程系'),(211706148, '男', '中二#115', '2f6690dc1bbf591b10eac6c73361dd22', '2484968372@qq.com', '13950632566', 2017, '计算机工程系'),(211706214, '男', '中二#116', 'b0000dd728c356e2ef96ce8d09fcea09', '1356975704@qq.com', '18250321937', 2017, '计算机工程系'),(211706217, '男', '中二#117', 'b4db4ef69b5761dca82c05fd2fa9d095', '2016199938@qq.com', '18113509703', 2017, '计算机工程系'),(211706170, '男', '中二#118', 'faa2ff18b3dc93f9bee076e7eea8d741', '965997616@qq.com', '15632618887', 2017, '计算机工程系'),(211706188, '男', '中二#119', '9cc6ff21be13ac9e5ef9277d4b917d60', '897026978@qq.com', '18805931270', 2017, '计算机工程系'),(211706220, '男', '中二#120', 'c99adb8d8f9eabffdce95cba809b7cbc', '649617431@qq.com', '17674176138', 2017, '计算机工程系'),(211706107, '男', '中二#121', '42f177cd4b267b25a3e666b4ab05143d', '798739560@qq.com', '13861115595', 2017, '计算机工程系'),(211706158, '男', '中二#122', '6832ad7e56b0ac10da684c5e45f33839', '1216432853@qq.com', '17750223591', 2017, '计算机工程系'),(211706112, '男', '中二#123', 'fa5cec385222717a0fd1cadfbbb8ca3e', '1312476034@qq.com', '18006084998', 2017, '计算机工程系'),(211706143, '男', '中二#201', '1ffcfd30982d9b429d7fa9413e64361e', '940471537@qq.com', '18984312364', 2017, '计算机工程系'),(211706144, '男', '中二#202', '36a807331388f1356502bfb81de308d1', '1073348168@qq.com', '13055796597', 2017, '计算机工程系'),(211706215, '男', '中二#203', '601a97eaf64db58f99b10dcc94ec4058', 'z1164214297@qq.com', '13960767401', 2017, '计算机工程系'),(211706117, '男', '中二#204', 'd053f1aa35e84a17bc6ddeed958b0921', '865400216@qq.com', '15880161560', 2017, '计算机工程系'),(211706522, '男', '中二#205', '381d14e08c7c93e9bab90d33933ef3b9', '1227057553@qq.com', '17689440965', 2017, '计算机工程系'),(211706543, '男', '中二#206', 'cf36ff5d21366b8a590b94ea0d203cf7', '1223611028@qq.com', '17720733382', 2017, '计算机工程系'),(211706511, '男', '中二#207', '2343d21b6ad6d2f23b63f939468ad445', '805075732@qq.com', '13814753183', 2017, '计算机工程系'),(211706548, '男', '中二#208', '69416ea78118b24472dc20268aac08e6', '398896804@qq.com', '17720771223', 2017, '计算机工程系'),(211706541, '男', '中二#209', '76b61781e6ec47258474bb7dd25e2c67', '807543651@qq.com', '13163890625', 2017, '计算机工程系'),(211706542, '男', '中二#210', '1c9936a66fc64c71f2871495b4c4069b', '1161943597@qq.com', '17750279362', 2017, '计算机工程系'),(211706413, '男', '中二#213', '6eb86a78c55602708d86984005cbd43f', '1457197338@qq.com', '17326581303', 2017, '计算机工程系'),(211706388, '男', '中二#214', '4cd789d17fdb4719238225fc65ecbb99', '1031478033@qq.com', '17605975903', 2017, '计算机工程系'),(211706396, '男', '中二#215', '67cf9599fdc543c2c3342a5d02c3999e', '546236771@qq.com', '13658731531', 2017, '计算机工程系'),(211706351, '男', '中二#216', '7f3ac17c519eaf2a7093fc090fff5477', '2977199582@qq.com', '17720771356', 2017, '计算机工程系'),(211706364, '男', '中二#217', '7b1932a6b7d994aa50097250c0f19279', '728661026@qq.com', '17720769689', 2017, '计算机工程系'),(211706382, '男', '中二#218', '192700a8611cf8b05104a5694be51bef', '1220355688@qq.com', '15960025171', 2017, '计算机工程系'),(211706381, '男', '中二#219', 'a587124c9782a0bc99565a91e391c90d', '1124881125@qq.com', '17720768386', 2017, '计算机工程系'),(211706318, '男', '中二#220', '3a0ba37a9c8988350996c250830fb824', '2484794283@qq.com', '17750273776', 2017, '计算机工程系'),(211706366, '男', '中二#221', '341b23d9abd33924236c6835351c9e9e', '1094790357@qq.com', '13509387553', 2017, '计算机工程系'),(211706328, '男', '中二#222', 'f35a4f5ab724b181d24dad9766efe919', '861295438@qq.com', '15259018836', 2017, '计算机工程系'),(211706326, '男', '中二#223', '6571f2cd107e98a56ecdf8cc50e72053', '981955062@qq.com', '17720808609', 2017, '计算机工程系'),(211706345, '男', '中二#224', '742cd9906d8ad0b9470a0e9353b88533', '635892213@qq.com', '17720759379', 2017, '计算机工程系'),(211706407, '男', '中二#225', '8705355c94d6233b305b53ab814be57b', '974085593@qq.com', '18960057093', 2017, '计算机工程系'),(211706402, '男', '中二#301', 'a448dd9ad907ae21234f2dc685749ec3', '964406601@qq.com', '17720808091', 2017, '计算机工程系'),(211706346, '男', '中二#302', '3a1f54b665339333156710871b8c642c', '943861314@qq.com', '18191282682', 2017, '计算机工程系'),(211706310, '男', '中二#303', '8d78d41477e7515580a9bf2cfb17053d', '905436101@qq.com', '13625978727', 2017, '计算机工程系'),(211706343, '男', '中二#304', '9b260f0b4fbad313028bade5e67513aa', 'pltkxkc@163.com', '17750225317', 2017, '计算机工程系'),(211706316, '男', '中二#305', 'dc80ff23aa860ad0912390fbda9ece81', '1429068158@qq.com', '13605969812', 2017, '计算机工程系'),(211706325, '男', '中二#306', '1044d2b4571cc1f60b462663ae7dcb03', '707065319@qq.com', '17720752095', 2017, '计算机工程系'),(211706303, '男', '中二#307', 'a9d5e09a9e07ef91313027ae17d34ddd', '1178584616@qq.com', '13696820170', 2017, '计算机工程系'),(211706333, '男', '中二#308', '55a575ffe8b38f089c5b6ab4fa62f974', '875662376@qq.com', '17720808032', 2017, '计算机工程系'),(211706410, '男', '中二#309', '628de8ce8102ee70cea7b9dba657418e', '1243551563@qq.com', '13205907225', 2017, '计算机工程系'),(211706307, '男', '中二#310', 'c41f856187616b7cd243081725ad200d', '352405961@qq.com', '17606072986', 2017, '计算机工程系'),(211706400, '男', '中二#313', '279f4b3311b45d5bdfc33a9a3a98eb95', '1006008424@qq.com', '17720808290', 2017, '计算机工程系'),(211701165, '男', '中二#314', '947001e31da88d9ab232e11dd806c275', '610067624@qq.com', '17720769553', 2017, '计算机工程系'),(211701148, '男', '中二#411', '801589e83f705f4a0cb62e05a8786659', 'zbc1357@hotmail.com', '17750225191', 2017, '计算机工程系'),(211706130, '女', '东二#410', '7195780710084252128d88be474e2301', '2044647075@qq.com', '17720809026', 2017, '计算机工程系'),(211706152, '女', '东二#411', 'e2ff8b5d8eff639cc9c2c059eaddb880', '979505199@qq.com', '18073628921', 2017, '计算机工程系'),(211706104, '女', '东二#412', '3cd44670517172444e01b5cc5805150b', '943106743@qq.com', '17720779160', 2017, '计算机工程系'),(211706509, '女', '东二#413', '965c10b2379b996cb13ef4dd5f4f66d7', '1552350220@qq.com', '15060677680', 2017, '计算机工程系'),(211706153, '女', '东二#414', '802b27c25618f1bc91c4616e360cdde5', '756106337@qq.com', '17720808992', 2017, '计算机工程系'),(211706106, '女', '东二#415', 'd25c35e7ce94789fff720413c370ed9c', '1048817256@qq.com', '13107924131', 2017, '计算机工程系'),(211706377, '女', '东二#416', '92b6bd604e5e778d92a8b2d3a82e242f', '578797537@qq.com', '13960716723', 2017, '计算机工程系'),(211706334, '女', '东二#417', '093feb164037202d96aef3c4263ebfe1', '2273735774@qq.com', '17720739627', 2017, '计算机工程系'),(211706419, '女', '东二#418', '4de20386c8d2dbaa0546ae954bfd37c6', '2962441349@qq.com', '15880028335', 2017, '计算机工程系'),(211706350, '女', '东二#419', 'c1f08bdfb290ba5af188a6ccd326d6ea', '2535402373@qq.com', '17720801361', 2017, '计算机工程系'),(211706524, '女', '东二#421', '5b74addb0a7f16327ccc4604a1381d11', '1179064122@qq.com', '17720813551', 2017, '计算机工程系'),(211706540, '女', '东二#422', 'b133f7416aa71bb04bdfe316b83a2009', '317996742@qq.com', '17750215267', 2017, '计算机工程系'),(211706510, '女', '东二#423', '3c69d184e837886a9ae4e445f7ad07a1', '1360880014@qq.com', '18759502068', 2017, '计算机工程系'),(211706367, '女', '东二#424', 'af9f739c2e6fe92029b590b0c464fb4b', '3363741724@qq.com', '15060678013', 2017, '计算机工程系'),(211706507, '女', '东二#425', 'e1332cce4879213691905ecb1fdb2c2c', '414196524@qq.com', '17720812360', 2017, '计算机工程系'),(211706506, '女', '东二#426', '74fd1758e861b3065b2b38f90f198da0', '2319943465@qq.com', '15960025842', 2017, '计算机工程系');
UNLOCK TABLES;
COMMIT;
