/*
 Navicat Premium Data Transfer

 Source Server         : oeong.xyz
 Source Server Type    : MySQL
 Source Server Version : 50624
 Source Host           : 123.56.93.164:3306
 Source Schema         : CQCQ

 Target Server Type    : MySQL
 Target Server Version : 50624
 File Encoding         : 65001

 Date: 04/05/2020 20:48:54
*/

SET NAMES utf8mb4;
SET FOREIGN_KEY_CHECKS = 0;

-- ----------------------------
-- Table structure for counselor
-- ----------------------------
DROP TABLE IF EXISTS `counselor`;
CREATE TABLE `counselor`  (
  `id` int(11) NOT NULL COMMENT '学号',
  `username` varchar(16) CHARACTER SET utf8 COLLATE utf8_general_ci NOT NULL COMMENT '学生填宿舍号，辅导员填姓名',
  `password` varchar(32) CHARACTER SET utf8 COLLATE utf8_general_ci NOT NULL COMMENT '密码，md5加密',
  `email` varchar(32) CHARACTER SET utf8 COLLATE utf8_general_ci NOT NULL COMMENT '电子邮箱',
  `phone` varchar(11) CHARACTER SET utf8 COLLATE utf8_general_ci NOT NULL COMMENT '手机号码',
  `face_url` varchar(250) CHARACTER SET utf8 COLLATE utf8_general_ci NULL DEFAULT NULL COMMENT '头像地址',
  `grade` int(4) NOT NULL COMMENT '年级',
  `department` varchar(16) CHARACTER SET utf8 COLLATE utf8_general_ci NOT NULL COMMENT '系别',
  PRIMARY KEY (`id`) USING BTREE
) ENGINE = MyISAM CHARACTER SET = utf8 COLLATE = utf8_general_ci ROW_FORMAT = Dynamic;

-- ----------------------------
-- Records of counselor
-- ----------------------------
INSERT INTO `counselor` VALUES (666666, '辅导员2号', '202cb962ac59075b964b07152d234b70', '12345678@qq.com', '17720768888', 'face_url/666666.jpg', 2017, '汉语言系');

-- ----------------------------
-- Table structure for dorm
-- ----------------------------
DROP TABLE IF EXISTS `dorm`;
CREATE TABLE `dorm`  (
  `id` int(11) NOT NULL AUTO_INCREMENT,
  `block` varchar(8) CHARACTER SET utf8 COLLATE utf8_general_ci NOT NULL,
  `room` varchar(8) CHARACTER SET utf8 COLLATE utf8_general_ci NOT NULL,
  `dorm_num` varchar(16) CHARACTER SET utf8 COLLATE utf8_general_ci NOT NULL,
  `student_id` int(11) NOT NULL,
  `deleted` int(1) NOT NULL DEFAULT 0,
  PRIMARY KEY (`id`) USING BTREE
) ENGINE = MyISAM AUTO_INCREMENT = 150 CHARACTER SET = utf8 COLLATE = utf8_general_ci ROW_FORMAT = Dynamic;

-- ----------------------------
-- Records of dorm
-- ----------------------------
INSERT INTO `dorm` VALUES (1, '中二', '103', '中二#103', 211706001, 0);
INSERT INTO `dorm` VALUES (2, '中二', '104', '中二#104', 211706002, 0);
INSERT INTO `dorm` VALUES (3, '中二', '105', '中二#105', 211706003, 0);
INSERT INTO `dorm` VALUES (4, '中二', '106', '中二#106', 211706004, 0);
INSERT INTO `dorm` VALUES (5, '中二', '107', '中二#107', 211706005, 0);
INSERT INTO `dorm` VALUES (6, '中二', '108', '中二#108', 211706006, 0);
INSERT INTO `dorm` VALUES (7, '中二', '111', '中二#111', 211706007, 0);
INSERT INTO `dorm` VALUES (8, '中二', '112', '中二#112', 211706008, 0);
INSERT INTO `dorm` VALUES (9, '中二', '113', '中二#113', 211706009, 0);
INSERT INTO `dorm` VALUES (10, '中二', '114', '中二#114', 211706010, 0);
INSERT INTO `dorm` VALUES (11, '中二', '115', '中二#115', 211706011, 0);
INSERT INTO `dorm` VALUES (12, '中二', '116', '中二#116', 211706012, 0);
INSERT INTO `dorm` VALUES (13, '中二', '117', '中二#117', 211706013, 0);
INSERT INTO `dorm` VALUES (14, '中二', '118', '中二#118', 211706014, 0);
INSERT INTO `dorm` VALUES (15, '中二', '119', '中二#119', 211706015, 0);
INSERT INTO `dorm` VALUES (16, '中二', '120', '中二#120', 211706016, 0);
INSERT INTO `dorm` VALUES (17, '中二', '121', '中二#121', 211706017, 0);
INSERT INTO `dorm` VALUES (18, '中二', '122', '中二#122', 211706018, 0);
INSERT INTO `dorm` VALUES (20, '中二', '201', '中二#201', 211706020, 0);
INSERT INTO `dorm` VALUES (21, '中二', '202', '中二#202', 211706021, 0);
INSERT INTO `dorm` VALUES (22, '中二', '203', '中二#203', 211706022, 0);
INSERT INTO `dorm` VALUES (23, '中二', '204', '中二#204', 211706023, 0);
INSERT INTO `dorm` VALUES (24, '中二', '205', '中二#205', 211706024, 0);
INSERT INTO `dorm` VALUES (25, '中二', '206', '中二#206', 211706025, 0);
INSERT INTO `dorm` VALUES (26, '中二', '207', '中二#207', 211706026, 0);
INSERT INTO `dorm` VALUES (27, '中二', '208', '中二#208', 211706027, 0);
INSERT INTO `dorm` VALUES (28, '中二', '209', '中二#209', 211706028, 0);
INSERT INTO `dorm` VALUES (29, '中二', '210', '中二#210', 211706029, 0);
INSERT INTO `dorm` VALUES (30, '中二', '213', '中二#213', 211706030, 0);
INSERT INTO `dorm` VALUES (31, '中二', '214', '中二#214', 211706031, 0);
INSERT INTO `dorm` VALUES (32, '中二', '215', '中二#215', 211706032, 0);
INSERT INTO `dorm` VALUES (33, '中二', '216', '中二#216', 211706033, 0);
INSERT INTO `dorm` VALUES (34, '中二', '217', '中二#217', 211706034, 0);
INSERT INTO `dorm` VALUES (35, '中二', '218', '中二#218', 211706035, 0);
INSERT INTO `dorm` VALUES (36, '中二', '219', '中二#219', 211706036, 0);
INSERT INTO `dorm` VALUES (37, '中二', '220', '中二#220', 211706037, 0);
INSERT INTO `dorm` VALUES (38, '中二', '221', '中二#221', 211706038, 0);
INSERT INTO `dorm` VALUES (39, '中二', '222', '中二#222', 211706039, 0);
INSERT INTO `dorm` VALUES (40, '中二', '223', '中二#223', 211706040, 0);
INSERT INTO `dorm` VALUES (41, '中二', '224', '中二#224', 211706041, 0);
INSERT INTO `dorm` VALUES (42, '中二', '225', '中二#225', 211706042, 0);
INSERT INTO `dorm` VALUES (43, '中二', '301', '中二#301', 211706043, 0);
INSERT INTO `dorm` VALUES (44, '中二', '302', '中二#302', 211706044, 0);
INSERT INTO `dorm` VALUES (45, '中二', '303', '中二#303', 211706045, 0);
INSERT INTO `dorm` VALUES (46, '中二', '304', '中二#304', 211706046, 0);
INSERT INTO `dorm` VALUES (47, '中二', '305', '中二#305', 211706047, 0);
INSERT INTO `dorm` VALUES (48, '中二', '306', '中二#306', 211706048, 0);
INSERT INTO `dorm` VALUES (49, '中二', '307', '中二#307', 211706049, 0);
INSERT INTO `dorm` VALUES (50, '中二', '308', '中二#308', 211706050, 0);
INSERT INTO `dorm` VALUES (51, '中二', '309', '中二#309', 211706051, 0);
INSERT INTO `dorm` VALUES (52, '中二', '310', '中二#310', 211706052, 0);
INSERT INTO `dorm` VALUES (53, '中二', '313', '中二#313', 211706053, 0);
INSERT INTO `dorm` VALUES (54, '中二', '314', '中二#314', 211706054, 0);
INSERT INTO `dorm` VALUES (55, '中二', '325', '中二#325', 211706055, 0);
INSERT INTO `dorm` VALUES (56, '中二', '411', '中二#411', 211706056, 0);
INSERT INTO `dorm` VALUES (57, '东二', '410', '东二#410', 211706057, 0);
INSERT INTO `dorm` VALUES (58, '东二', '411', '东二#411', 211706058, 0);
INSERT INTO `dorm` VALUES (59, '东二', '412', '东二#412', 211706059, 0);
INSERT INTO `dorm` VALUES (60, '东二', '413', '东二#413', 211706060, 0);
INSERT INTO `dorm` VALUES (61, '东二', '414', '东二#414', 211706061, 0);
INSERT INTO `dorm` VALUES (62, '东二', '415', '东二#415', 211706062, 0);
INSERT INTO `dorm` VALUES (63, '东二', '416', '东二#416', 211706063, 0);
INSERT INTO `dorm` VALUES (64, '东二', '417', '东二#417', 211706064, 0);
INSERT INTO `dorm` VALUES (65, '东二', '418', '东二#418', 211706065, 0);
INSERT INTO `dorm` VALUES (66, '东二', '419', '东二#419', 211706066, 0);
INSERT INTO `dorm` VALUES (67, '东二', '421', '东二#421', 211706067, 0);
INSERT INTO `dorm` VALUES (68, '东二', '422', '东二#422', 211706068, 0);
INSERT INTO `dorm` VALUES (69, '东二', '423', '东二#423', 211706069, 0);
INSERT INTO `dorm` VALUES (70, '东二', '424', '东二#424', 211706070, 0);
INSERT INTO `dorm` VALUES (71, '东二', '425', '东二#425', 211706071, 0);
INSERT INTO `dorm` VALUES (72, '东二', '426', '东二#426', 211706072, 0);

-- ----------------------------
-- Table structure for record
-- ----------------------------
DROP TABLE IF EXISTS `record`;
CREATE TABLE `record`  (
  `id` int(11) NOT NULL AUTO_INCREMENT,
  `photo` varchar(256) CHARACTER SET utf8 COLLATE utf8_general_ci NULL DEFAULT NULL COMMENT '照片地址',
  `dorm_id` int(11) NOT NULL COMMENT '宿舍号',
  `rand_num` int(11) NOT NULL COMMENT '随机号码',
  `start_time` datetime(0) NULL DEFAULT NULL COMMENT '开始时间',
  `upload_time` datetime(0) NULL DEFAULT NULL COMMENT '上传时间',
  `end_time` datetime(0) NULL DEFAULT NULL COMMENT '结束时间',
  `deleted` int(1) NULL DEFAULT 0 COMMENT '0：未删除，1：已删除',
  PRIMARY KEY (`id`) USING BTREE
) ENGINE = MyISAM AUTO_INCREMENT = 1848 CHARACTER SET = utf8 COLLATE = utf8_general_ci ROW_FORMAT = Dynamic;

-- ----------------------------
-- Records of record
-- ----------------------------
INSERT INTO `record` VALUES (1584, 'upload/2020-05-04/2020-05-04_1835.jpg', 58, 4044, '2020-05-03 22:30:00', NULL, '2020-05-03 22:45:00', 1);
INSERT INTO `record` VALUES (1583, 'upload/2020-05-04/2020-05-04_1835.jpg', 66, 3489, '2020-05-03 22:30:00', NULL, '2020-05-03 22:45:00', 1);
INSERT INTO `record` VALUES (1582, 'upload/2020-05-04/2020-05-04_1835.jpg', 3, 6749, '2020-05-03 22:30:00', NULL, '2020-05-03 22:45:00', 1);
INSERT INTO `record` VALUES (1581, 'upload/2020-05-04/2020-05-04_1835.jpg', 17, 5372, '2020-05-03 22:30:00', NULL, '2020-05-03 22:45:00', 1);
INSERT INTO `record` VALUES (1580, 'upload/2020-05-04/2020-05-04_1835.jpg', 11, 6676, '2020-05-03 22:30:00', NULL, '2020-05-03 22:45:00', 1);
INSERT INTO `record` VALUES (1579, 'upload/2020-05-04/2020-05-04_1835.jpg', 6, 1582, '2020-05-03 22:30:00', NULL, '2020-05-03 22:45:00', 1);
INSERT INTO `record` VALUES (1557, 'upload/2020-05-04/2020-05-04_1835.jpg', 19, 6345, '2020-05-03 22:30:00', NULL, '2020-05-03 22:45:00', 0);
INSERT INTO `record` VALUES (1472, 'upload/2020-05-04/2020-05-04_1835.jpg', 71, 7010, '2020-05-02 22:30:00', NULL, '2020-05-02 22:45:00', 1);
INSERT INTO `record` VALUES (1471, 'upload/2020-05-04/2020-05-04_1835.jpg', 59, 9715, '2020-05-02 22:30:00', NULL, '2020-05-02 22:45:00', 1);
INSERT INTO `record` VALUES (1470, 'upload/2020-05-04/2020-05-04_1835.jpg', 10, 9313, '2020-05-02 22:30:00', NULL, '2020-05-02 22:45:00', 1);
INSERT INTO `record` VALUES (1469, 'upload/2020-05-04/2020-05-04_1835.jpg', 55, 9832, '2020-05-02 22:30:00', NULL, '2020-05-02 22:45:00', 1);
INSERT INTO `record` VALUES (1468, 'upload/2020-05-04/2020-05-04_1835.jpg', 17, 2048, '2020-05-02 22:30:00', NULL, '2020-05-02 22:45:00', 1);
INSERT INTO `record` VALUES (1467, 'upload/2020-05-04/2020-05-04_1835.jpg', 44, 2922, '2020-05-03 22:30:00', NULL, '2020-05-02 22:45:00', 1);
INSERT INTO `record` VALUES (1836, 'upload/2020-05-04/2020-05-04_1835.jpg', 11, 203, '2020-04-30 22:30:00', NULL, '2020-04-30 22:45:00', 1);
INSERT INTO `record` VALUES (1465, 'upload/2020-05-04/2020-05-04_1835.jpg', 20, 2988, '2020-05-02 22:30:00', '2020-05-04 14:44:42', '2020-05-02 22:45:00', 1);
INSERT INTO `record` VALUES (1572, 'upload/2020-05-04/2020-05-04_1835.jpg', 63, 6035, '2020-04-03 11:00:00', NULL, '2020-05-03 11:15:00', 1);
INSERT INTO `record` VALUES (1571, 'upload/2020-05-04/2020-05-04_1835.jpg', 35, 1024, '2020-05-03 11:00:00', NULL, '2020-05-03 11:15:00', 0);
INSERT INTO `record` VALUES (1570, 'upload/2020-05-04/2020-05-04_1835.jpg', 63, 1553, '2020-04-13 10:00:00', NULL, '2020-05-03 10:15:00', 0);
INSERT INTO `record` VALUES (1569, 'upload/2020-05-04/2020-05-04_1835.jpg', 3, 8502, '2020-04-23 10:00:00', NULL, '2020-05-03 10:15:00', 1);
INSERT INTO `record` VALUES (1568, 'upload/2020-05-04/2020-05-04_1835.jpg', 65, 3168, '2020-05-03 09:00:00', NULL, '2020-05-03 09:15:00', 1);
INSERT INTO `record` VALUES (1566, 'upload/2020-05-04/2020-05-04_1835.jpg', 67, 256, '2020-05-03 22:00:00', NULL, '2020-05-03 22:15:00', 1);
INSERT INTO `record` VALUES (1565, 'upload/2020-05-04/2020-05-04_1835.jpg', 59, 4159, '2020-05-03 22:00:00', NULL, '2020-05-03 22:15:00', 1);
INSERT INTO `record` VALUES (1564, 'upload/2020-05-04/2020-05-04_1835.jpg', 2, 8473, '2020-05-03 22:00:00', NULL, '2020-05-03 22:15:00', 1);
INSERT INTO `record` VALUES (1563, 'upload/2020-05-04/2020-05-04_1835.jpg', 33, 6846, '2020-05-03 22:00:00', NULL, '2020-05-03 22:15:00', 1);
INSERT INTO `record` VALUES (1567, 'upload/2020-05-04/2020-05-04_1835.jpg', 32, 1303, '2020-05-03 09:00:00', NULL, '2020-05-03 09:15:00', 1);
INSERT INTO `record` VALUES (1562, 'upload/2020-05-04/2020-05-04_1835.jpg', 60, 7760, '2020-05-03 22:30:00', NULL, '2020-05-03 22:45:00', 1);
INSERT INTO `record` VALUES (1561, 'upload/2020-05-04/2020-05-04_1835.jpg', 63, 8002, '2020-05-03 22:30:00', NULL, '2020-05-03 22:45:00', 1);
INSERT INTO `record` VALUES (1560, 'upload/2020-05-04/2020-05-04_1835.jpg', 13, 8131, '2020-05-03 22:30:00', NULL, '2020-05-03 22:45:00', 1);
INSERT INTO `record` VALUES (1559, 'upload/2020-05-04/2020-05-04_1835.jpg', 17, 8954, '2020-05-03 22:30:00', NULL, '2020-05-03 22:45:00', 1);
INSERT INTO `record` VALUES (1558, 'upload/2020-05-04/2020-05-04_1835.jpg', 4, 507, '2020-05-03 22:30:00', NULL, '2020-05-03 22:45:00', 1);
INSERT INTO `record` VALUES (1556, 'upload/2020-05-04/2020-05-04_1835.jpg', 72, 5997, '2020-05-03 22:30:00', NULL, '2020-05-03 22:45:00', 1);
INSERT INTO `record` VALUES (1588, 'upload/2020-05-04/2020-05-04_1835.jpg', 70, 6695, '2020-05-03 22:30:00', NULL, '2020-05-03 22:45:00', 1);
INSERT INTO `record` VALUES (1587, 'upload/2020-05-04/2020-05-04_1835.jpg', 30, 6487, '2020-05-03 22:30:00', NULL, '2020-05-03 22:45:00', 1);
INSERT INTO `record` VALUES (1589, 'upload/2020-05-04/2020-05-04_1835.jpg', 40, 3884, '2020-05-03 22:30:00', NULL, '2020-05-03 22:45:00', 1);
INSERT INTO `record` VALUES (1590, 'upload/2020-05-04/2020-05-04_1835.jpg', 61, 9739, '2020-05-03 22:30:00', NULL, '2020-05-03 22:45:00', 1);
INSERT INTO `record` VALUES (1591, 'upload/2020-05-04/2020-05-04_1835.jpg', 37, 2926, '2020-05-03 22:30:00', NULL, '2020-05-03 22:45:00', 1);
INSERT INTO `record` VALUES (1592, 'upload/2020-05-04/2020-05-04_1835.jpg', 61, 7760, '2020-05-03 22:30:00', NULL, '2020-05-03 22:45:00', 1);
INSERT INTO `record` VALUES (1593, 'upload/2020-05-04/2020-05-04_1835.jpg', 18, 7253, '2020-05-03 22:30:00', NULL, '2020-05-03 22:45:00', 1);
INSERT INTO `record` VALUES (1594, 'upload/2020-05-04/2020-05-04_1835.jpg', 67, 5589, '2020-05-03 22:30:00', NULL, '2020-05-03 22:45:00', 1);
INSERT INTO `record` VALUES (1595, 'upload/2020-05-04/2020-05-04_1835.jpg', 66, 6357, '2020-05-03 22:30:00', NULL, '2020-05-03 22:45:00', 1);
INSERT INTO `record` VALUES (1596, 'upload/2020-05-04/2020-05-04_1835.jpg', 30, 8925, '2020-05-03 22:30:00', NULL, '2020-05-03 22:45:00', 1);
INSERT INTO `record` VALUES (1601, 'upload/2020-05-04/2020-05-04_1835.jpg', 67, 5907, '2020-05-03 22:30:00', NULL, '2020-05-03 22:45:00', 1);
INSERT INTO `record` VALUES (1602, 'upload/2020-05-04/2020-05-04_1835.jpg', 58, 8966, '2020-05-03 05:00:00', NULL, '2020-05-03 05:04:00', 1);
INSERT INTO `record` VALUES (1603, 'upload/2020-05-04/2020-05-04_1835.jpg', 59, 449, '2020-05-03 22:30:00', NULL, '2020-05-03 22:45:00', 1);
INSERT INTO `record` VALUES (1604, 'upload/2020-05-04/2020-05-04_1835.jpg', 4, 8320, '2020-05-03 22:30:00', NULL, '2020-05-03 22:45:00', 1);
INSERT INTO `record` VALUES (1620, 'upload/2020-05-04/2020-05-04_1835.jpg', 51, 7824, '2020-05-03 22:30:00', NULL, '2020-05-03 22:45:00', 1);
INSERT INTO `record` VALUES (1619, 'upload/2020-05-04/2020-05-04_1835.jpg', 11, 7451, '2020-05-03 22:30:00', NULL, '2020-05-03 22:45:00', 1);
INSERT INTO `record` VALUES (1618, 'upload/2020-05-04/2020-05-04_1835.jpg', 57, 918, '2020-05-03 22:30:00', NULL, '2020-05-03 22:45:00', 1);
INSERT INTO `record` VALUES (1617, 'upload/2020-05-04/2020-05-04_1835.jpg', 51, 1270, '2020-05-03 22:30:00', NULL, '2020-05-03 22:45:00', 1);
INSERT INTO `record` VALUES (1621, 'upload/2020-05-04/2020-05-04_1835.jpg', 39, 5456, '2020-05-03 22:30:00', NULL, '2020-05-03 22:45:00', 1);
INSERT INTO `record` VALUES (1622, 'upload/2020-05-04/2020-05-04_1835.jpg', 17, 2715, '2020-05-03 22:30:00', NULL, '2020-05-03 22:45:00', 1);
INSERT INTO `record` VALUES (1623, 'upload/2020-05-04/2020-05-04_1835.jpg', 65, 5230, '2020-05-03 22:30:00', NULL, '2020-05-03 22:45:00', 1);
INSERT INTO `record` VALUES (1624, 'upload/2020-05-04/2020-05-04_1835.jpg', 58, 7508, '2020-05-03 22:30:00', NULL, '2020-05-03 22:45:00', 1);
INSERT INTO `record` VALUES (1670, 'upload/2020-05-04/2020-05-04_1835.jpg', 30, 9992, '2020-05-03 22:30:00', NULL, '2020-05-03 22:45:00', 1);
INSERT INTO `record` VALUES (1669, 'upload/2020-05-04/2020-05-04_1835.jpg', 61, 9250, '2020-05-03 22:30:00', NULL, '2020-05-03 22:45:00', 1);
INSERT INTO `record` VALUES (1668, 'upload/2020-05-04/2020-05-04_1835.jpg', 25, 9085, '2020-05-03 22:30:00', NULL, '2020-05-03 22:45:00', 1);
INSERT INTO `record` VALUES (1667, 'upload/2020-05-04/2020-05-04_1835.jpg', 28, 234, '2020-05-03 22:30:00', NULL, '2020-05-03 22:45:00', 1);
INSERT INTO `record` VALUES (1666, 'upload/2020-05-04/2020-05-04_1835.jpg', 37, 2369, '2020-05-03 22:30:00', NULL, '2020-05-03 22:45:00', 1);
INSERT INTO `record` VALUES (1665, 'upload/2020-05-04/2020-05-04_1835.jpg', 44, 6396, '2020-05-03 22:30:00', NULL, '2020-05-03 22:45:00', 1);
INSERT INTO `record` VALUES (1671, 'upload/2020-05-04/2020-05-04_1835.jpg', 46, 1642, '2020-05-03 22:30:00', NULL, '2020-05-03 22:45:00', 1);
INSERT INTO `record` VALUES (1672, 'upload/2020-05-04/2020-05-04_1835.jpg', 21, 2566, '2020-05-03 22:30:00', NULL, '2020-05-03 22:45:00', 1);
INSERT INTO `record` VALUES (1673, 'upload/2020-05-04/2020-05-04_1835.jpg', 56, 4182, '2020-05-03 22:30:00', NULL, '2020-05-03 22:45:00', 1);
INSERT INTO `record` VALUES (1674, 'upload/2020-05-04/2020-05-04_1835.jpg', 67, 7782, '2020-05-03 22:30:00', NULL, '2020-05-03 22:45:00', 1);
INSERT INTO `record` VALUES (1707, 'upload/2020-05-04/2020-05-04_1835.jpg', 128, 9729, '2020-05-03 22:30:00', NULL, '2020-05-03 22:45:00', 1);
INSERT INTO `record` VALUES (1706, 'upload/2020-05-04/2020-05-04_1835.jpg', 6, 1874, '2020-05-03 22:30:00', NULL, '2020-05-03 22:45:00', 1);
INSERT INTO `record` VALUES (1705, 'upload/2020-05-04/2020-05-04_1835.jpg', 47, 2292, '2020-05-03 22:30:00', NULL, '2020-05-03 22:45:00', 1);
INSERT INTO `record` VALUES (1704, 'upload/2020-05-04/2020-05-04_1835.jpg', 34, 7503, '2020-05-03 22:30:00', NULL, '2020-05-03 22:45:00', 1);
INSERT INTO `record` VALUES (1754, 'upload/2020-05-04/2020-05-04_1835.jpg', 29, 4, '2020-05-03 22:30:00', NULL, '2020-05-03 22:45:00', 1);
INSERT INTO `record` VALUES (1753, 'upload/2020-05-04/2020-05-04_1835.jpg', 16, 6441, '2020-05-03 22:30:00', NULL, '2020-05-03 22:45:00', 1);
INSERT INTO `record` VALUES (1752, 'upload/2020-05-04/2020-05-04_1835.jpg', 67, 1559, '2020-05-03 22:30:00', NULL, '2020-05-03 22:45:00', 1);
INSERT INTO `record` VALUES (1751, 'upload/2020-05-04/2020-05-04_1835.jpg', 56, 5407, '2020-05-03 22:30:00', NULL, '2020-05-03 22:45:00', 1);
INSERT INTO `record` VALUES (1750, 'upload/2020-05-04/2020-05-04_1835.jpg', 52, 2926, '2020-05-03 22:30:00', NULL, '2020-05-03 22:45:00', 1);
INSERT INTO `record` VALUES (1749, 'upload/2020-05-04/2020-05-04_1835.jpg', 65, 710, '2020-05-03 22:30:00', NULL, '2020-05-03 22:45:00', 1);
INSERT INTO `record` VALUES (1748, 'upload/2020-05-04/2020-05-04_1835.jpg', 13, 6209, '2020-05-03 22:30:00', NULL, '2020-05-03 22:45:00', 1);
INSERT INTO `record` VALUES (1747, 'upload/2020-05-04/2020-05-04_1835.jpg', 31, 3248, '2020-05-03 22:30:00', NULL, '2020-05-03 22:45:00', 1);
INSERT INTO `record` VALUES (1746, 'upload/2020-05-04/2020-05-04_1835.jpg', 10, 4626, '2020-05-03 22:30:00', NULL, '2020-05-03 22:45:00', 1);
INSERT INTO `record` VALUES (1745, 'upload/2020-05-04/2020-05-04_1835.jpg', 29, 5011, '2020-05-03 22:30:00', NULL, '2020-05-03 22:45:00', 1);
INSERT INTO `record` VALUES (1744, 'upload/2020-05-04/2020-05-04_1835.jpg', 22, 203, '2020-05-03 22:30:00', NULL, '2020-05-03 22:45:00', 1);
INSERT INTO `record` VALUES (1733, 'upload/2020-05-04/2020-05-04_1835.jpg', 62, 3640, '2020-05-03 22:30:00', NULL, '2020-05-03 22:45:00', 1);
INSERT INTO `record` VALUES (1732, 'upload/2020-05-04/2020-05-04_1835.jpg', 37, 7893, '2020-05-03 22:30:00', NULL, '2020-05-03 22:45:00', 1);
INSERT INTO `record` VALUES (1755, 'upload/2020-05-04/2020-05-04_1835.jpg', 67, 1757, '2020-05-03 22:30:00', NULL, '2020-05-03 22:45:00', 1);
INSERT INTO `record` VALUES (1756, 'upload/2020-05-04/2020-05-04_1835.jpg', 51, 3075, '2020-05-03 22:30:00', NULL, '2020-05-03 22:45:00', 1);
INSERT INTO `record` VALUES (1757, 'upload/2020-05-04/2020-05-04_1835.jpg', 45, 2775, '2020-05-03 22:30:00', NULL, '2020-05-03 22:45:00', 1);
INSERT INTO `record` VALUES (1758, 'upload/2020-05-04/2020-05-04_1835.jpg', 28, 8624, '2020-05-03 22:30:00', NULL, '2020-05-03 22:45:00', 1);
INSERT INTO `record` VALUES (1759, 'upload/2020-05-04/2020-05-04_1835.jpg', 25, 6845, '2020-05-03 22:30:00', NULL, '2020-05-03 22:45:00', 1);
INSERT INTO `record` VALUES (1760, 'upload/2020-05-04/2020-05-04_1835.jpg', 64, 2567, '2020-05-03 22:30:00', NULL, '2020-05-03 22:45:00', 1);
INSERT INTO `record` VALUES (1761, 'upload/2020-05-04/2020-05-04_1835.jpg', 72, 1186, '2020-05-03 22:30:00', NULL, '2020-05-03 22:45:00', 1);
INSERT INTO `record` VALUES (1762, 'upload/2020-05-04/2020-05-04_1835.jpg', 41, 6194, '2020-05-03 22:30:00', NULL, '2020-05-03 22:45:00', 1);
INSERT INTO `record` VALUES (1763, 'upload/2020-05-04/2020-05-04_1835.jpg', 69, 458, '2020-05-03 22:30:00', NULL, '2020-05-03 22:45:00', 1);
INSERT INTO `record` VALUES (1764, 'upload/2020-05-04/2020-05-04_1835.jpg', 71, 2269, '2020-05-03 22:30:00', NULL, '2020-05-03 22:45:00', 1);
INSERT INTO `record` VALUES (1765, 'upload/2020-05-04/2020-05-04_1835.jpg', 44, 6911, '2020-05-03 22:30:00', NULL, '2020-05-03 22:45:00', 1);
INSERT INTO `record` VALUES (1766, 'upload/2020-05-04/2020-05-04_1835.jpg', 68, 5622, '2020-05-03 22:30:00', NULL, '2020-05-03 22:45:00', 1);
INSERT INTO `record` VALUES (1767, 'upload/2020-05-04/2020-05-04_1835.jpg', 10, 3799, '2020-05-03 22:30:00', NULL, '2020-05-03 22:45:00', 1);
INSERT INTO `record` VALUES (1768, 'upload/2020-05-04/2020-05-04_1835.jpg', 14, 7236, '2020-05-03 22:30:00', NULL, '2020-05-03 22:45:00', 1);
INSERT INTO `record` VALUES (1769, 'upload/2020-05-04/2020-05-04_1835.jpg', 11, 2300, '2020-05-03 22:30:00', NULL, '2020-05-03 22:45:00', 1);
INSERT INTO `record` VALUES (1770, 'upload/2020-05-04/2020-05-04_1835.jpg', 25, 6278, '2020-05-03 22:30:00', NULL, '2020-05-03 22:45:00', 1);
INSERT INTO `record` VALUES (1771, 'upload/2020-05-04/2020-05-04_1835.jpg', 61, 8043, '2020-05-03 22:30:00', NULL, '2020-05-03 22:45:00', 1);
INSERT INTO `record` VALUES (1772, 'upload/2020-05-04/2020-05-04_1835.jpg', 128, 9939, '2020-05-03 22:30:00', NULL, '2020-05-03 22:45:00', 1);
INSERT INTO `record` VALUES (1773, 'upload/2020-05-04/2020-05-04_1835.jpg', 39, 7632, '2020-05-03 22:30:00', NULL, '2020-05-03 22:45:00', 1);
INSERT INTO `record` VALUES (1774, 'upload/2020-05-04/2020-05-04_1835.jpg', 5, 8669, '2020-05-03 22:30:00', NULL, '2020-05-03 22:45:00', 1);
INSERT INTO `record` VALUES (1775, 'upload/2020-05-04/2020-05-04_1835.jpg', 38, 7440, '2020-05-03 22:30:00', NULL, '2020-05-03 22:45:00', 1);
INSERT INTO `record` VALUES (1776, 'upload/2020-05-04/2020-05-04_1835.jpg', 51, 4796, '2020-05-03 22:30:00', NULL, '2020-05-03 22:45:00', 1);
INSERT INTO `record` VALUES (1777, 'upload/2020-05-04/2020-05-04_1835.jpg', 71, 370, '2020-05-03 22:30:00', NULL, '2020-05-03 22:45:00', 1);
INSERT INTO `record` VALUES (1778, 'upload/2020-05-04/2020-05-04_1835.jpg', 64, 9844, '2020-05-03 22:30:00', NULL, '2020-05-03 22:45:00', 1);
INSERT INTO `record` VALUES (1779, 'upload/2020-05-04/2020-05-04_1835.jpg', 21, 2547, '2020-05-03 22:30:00', NULL, '2020-05-03 22:45:00', 1);
INSERT INTO `record` VALUES (1780, 'upload/2020-05-04/2020-05-04_1835.jpg', 46, 8923, '2020-05-03 22:30:00', NULL, '2020-05-03 22:45:00', 1);
INSERT INTO `record` VALUES (1781, 'upload/2020-05-04/2020-05-04_1835.jpg', 15, 6369, '2020-05-03 22:30:00', NULL, '2020-05-03 22:45:00', 1);
INSERT INTO `record` VALUES (1782, 'upload/2020-05-04/2020-05-04_1835.jpg', 47, 9105, '2020-05-03 22:30:00', NULL, '2020-05-03 22:45:00', 1);
INSERT INTO `record` VALUES (1783, 'upload/2020-05-04/2020-05-04_1835.jpg', 59, 9901, '2020-05-03 22:30:00', NULL, '2020-05-03 22:45:00', 1);
INSERT INTO `record` VALUES (1784, 'upload/2020-05-04/2020-05-04_1835.jpg', 70, 5105, '2020-05-03 22:30:00', NULL, '2020-05-03 22:45:00', 1);
INSERT INTO `record` VALUES (1785, 'upload/2020-05-04/2020-05-04_1835.jpg', 2, 3555, '2020-05-03 22:30:00', NULL, '2020-05-03 22:45:00', 1);
INSERT INTO `record` VALUES (1786, 'upload/2020-05-04/2020-05-04_1835.jpg', 45, 8179, '2020-05-03 22:30:00', NULL, '2020-05-03 22:45:00', 1);
INSERT INTO `record` VALUES (1787, 'upload/2020-05-04/2020-05-04_1835.jpg', 16, 9120, '2020-05-03 22:30:00', NULL, '2020-05-03 22:45:00', 1);
INSERT INTO `record` VALUES (1788, 'upload/2020-05-04/2020-05-04_1835.jpg', 10, 1432, '2020-05-03 22:30:00', NULL, '2020-05-03 22:45:00', 1);
INSERT INTO `record` VALUES (1789, 'upload/2020-05-04/2020-05-04_1835.jpg', 71, 2733, '2020-05-03 22:30:00', NULL, '2020-05-03 22:45:00', 1);
INSERT INTO `record` VALUES (1790, 'upload/2020-05-04/2020-05-04_1835.jpg', 70, 2151, '2020-05-03 22:30:00', NULL, '2020-05-03 22:45:00', 1);
INSERT INTO `record` VALUES (1791, 'upload/2020-05-04/2020-05-04_1835.jpg', 5, 3438, '2020-05-03 22:30:00', NULL, '2020-05-03 22:45:00', 1);
INSERT INTO `record` VALUES (1792, 'upload/2020-05-04/2020-05-04_1835.jpg', 55, 4589, '2020-05-03 22:30:00', NULL, '2020-05-03 22:45:00', 1);
INSERT INTO `record` VALUES (1793, 'upload/2020-05-04/2020-05-04_1835.jpg', 23, 8123, '2020-05-03 22:30:00', NULL, '2020-05-03 22:45:00', 1);
INSERT INTO `record` VALUES (1794, 'upload/2020-05-04/2020-05-04_1835.jpg', 31, 4194, '2020-05-03 22:30:00', NULL, '2020-05-03 22:45:00', 1);
INSERT INTO `record` VALUES (1795, 'upload/2020-05-04/2020-05-04_1835.jpg', 26, 8, '2020-05-03 22:30:00', NULL, '2020-05-03 22:45:00', 1);
INSERT INTO `record` VALUES (1796, 'upload/2020-05-04/2020-05-04_1835.jpg', 62, 3575, '2020-05-03 22:30:00', NULL, '2020-05-03 22:45:00', 1);
INSERT INTO `record` VALUES (1798, 'upload/2020-05-04/2020-05-04_1835.jpg', 12, 203, '2020-04-30 22:30:00', NULL, '2020-04-30 22:45:00', 1);
INSERT INTO `record` VALUES (1799, 'upload/2020-05-04/2020-05-04_1835.jpg', 12, 204, '2020-04-30 22:30:00', NULL, '2020-04-30 22:45:00', 1);
INSERT INTO `record` VALUES (1800, 'upload/2020-05-04/2020-05-04_1835.jpg', 11, 203, '2020-04-30 22:30:00', NULL, '2020-04-30 22:45:00', 1);
INSERT INTO `record` VALUES (1801, 'upload/2020-05-04/2020-05-04_1835.jpg', 12, 204, '2020-04-30 22:30:00', NULL, '2020-04-30 22:45:00', 1);
INSERT INTO `record` VALUES (1802, 'upload/2020-05-04/2020-05-04_1835.jpg', 34, 8583, '2020-05-04 22:30:00', NULL, '2020-05-04 22:45:00', 1);
INSERT INTO `record` VALUES (1803, 'upload/2020-05-04/2020-05-04_1835.jpg', 31, 5492, '2020-05-04 22:30:00', NULL, '2020-05-04 22:45:00', 1);
INSERT INTO `record` VALUES (1804, 'upload/2020-05-04/2020-05-04_1835.jpg', 28, 4520, '2020-05-04 22:30:00', NULL, '2020-05-04 22:45:00', 1);
INSERT INTO `record` VALUES (1805, 'upload/2020-05-04/2020-05-04_1835.jpg', 54, 5776, '2020-05-04 22:30:00', NULL, '2020-05-04 22:45:00', 1);
INSERT INTO `record` VALUES (1806, 'upload/2020-05-04/2020-05-04_1835.jpg', 70, 4555, '2020-05-04 22:30:00', NULL, '2020-05-04 22:45:00', 1);
INSERT INTO `record` VALUES (1807, 'upload/2020-05-04/2020-05-04_1835.jpg', 3, 5132, '2020-05-04 22:30:00', NULL, '2020-05-04 22:45:00', 1);
INSERT INTO `record` VALUES (1808, 'upload/2020-05-04/2020-05-04_1835.jpg', 24, 4559, '2020-05-04 22:30:00', NULL, '2020-05-04 22:45:00', 1);
INSERT INTO `record` VALUES (1809, 'upload/2020-05-04/2020-05-04_1835.jpg', 49, 9745, '2020-05-04 22:30:00', NULL, '2020-05-04 22:45:00', 1);
INSERT INTO `record` VALUES (1810, 'upload/2020-05-04/2020-05-04_1835.jpg', 34, 2581, '2020-05-04 22:30:00', NULL, '2020-05-04 22:45:00', 1);
INSERT INTO `record` VALUES (1811, 'upload/2020-05-04/2020-05-04_1835.jpg', 65, 5149, '2020-05-04 22:30:00', NULL, '2020-05-04 22:45:00', 1);
INSERT INTO `record` VALUES (1812, 'upload/2020-05-04/2020-05-04_1835.jpg', 54, 729, '2020-05-04 22:30:00', NULL, '2020-05-04 22:45:00', 1);
INSERT INTO `record` VALUES (1813, 'upload/2020-05-04/2020-05-04_1835.jpg', 51, 4558, '2020-05-04 22:30:00', NULL, '2020-05-04 22:45:00', 1);
INSERT INTO `record` VALUES (1814, 'upload/2020-05-04/2020-05-04_1835.jpg', 37, 7924, '2020-05-04 22:30:00', NULL, '2020-05-04 22:45:00', 1);
INSERT INTO `record` VALUES (1815, 'upload/2020-05-04/2020-05-04_1835.jpg', 45, 6167, '2020-05-04 22:30:00', NULL, '2020-05-04 22:45:00', 1);
INSERT INTO `record` VALUES (1816, 'upload/2020-05-04/2020-05-04_1835.jpg', 67, 4364, '2020-05-04 22:30:00', NULL, '2020-05-04 22:45:00', 1);
INSERT INTO `record` VALUES (1817, 'upload/2020-05-04/2020-05-04_1835.jpg', 48, 6867, '2020-05-04 22:30:00', NULL, '2020-05-04 22:45:00', 1);
INSERT INTO `record` VALUES (1818, 'upload/2020-05-04/2020-05-04_1835.jpg', 4, 9443, '2020-05-04 22:30:00', NULL, '2020-05-04 22:45:00', 1);
INSERT INTO `record` VALUES (1819, 'upload/2020-05-04/2020-05-04_1835.jpg', 54, 3803, '2020-05-04 22:30:00', NULL, '2020-05-04 22:45:00', 1);
INSERT INTO `record` VALUES (1820, 'upload/2020-05-04/2020-05-04_1835.jpg', 37, 9144, '2020-05-04 22:30:00', NULL, '2020-05-04 22:45:00', 1);
INSERT INTO `record` VALUES (1821, 'upload/2020-05-04/2020-05-04_1835.jpg', 67, 3986, '2020-05-04 22:30:00', NULL, '2020-05-04 22:45:00', 1);
INSERT INTO `record` VALUES (1822, 'upload/2020-05-04/2020-05-04_1835.jpg', 24, 2599, '2020-05-04 22:30:00', NULL, '2020-05-04 22:45:00', 1);
INSERT INTO `record` VALUES (1823, 'upload/2020-05-04/2020-05-04_1835.jpg', 62, 4667, '2020-05-04 22:30:00', NULL, '2020-05-04 22:45:00', 1);
INSERT INTO `record` VALUES (1824, 'upload/2020-05-04/2020-05-04_1835.jpg', 5, 521, '2020-05-04 22:30:00', NULL, '2020-05-04 22:45:00', 1);
INSERT INTO `record` VALUES (1825, 'upload/2020-05-04/2020-05-04_1835.jpg', 57, 7319, '2020-05-04 22:30:00', NULL, '2020-05-04 22:45:00', 1);
INSERT INTO `record` VALUES (1826, 'upload/2020-05-04/2020-05-04_1835.jpg', 11, 203, '2020-04-30 22:30:00', NULL, '2020-04-30 22:45:00', 1);
INSERT INTO `record` VALUES (1827, 'upload/2020-05-04/2020-05-04_1835.jpg', 12, 204, '2020-04-30 22:30:00', NULL, '2020-04-30 22:45:00', 1);
INSERT INTO `record` VALUES (1828, 'upload/2020-05-04/2020-05-04_1835.jpg', 12, 8927, '2020-05-04 22:30:00', NULL, '2020-05-04 22:45:00', 1);
INSERT INTO `record` VALUES (1829, 'upload/2020-05-04/2020-05-04_1835.jpg', 128, 2485, '2020-05-04 22:30:00', NULL, '2020-05-04 22:45:00', 0);
INSERT INTO `record` VALUES (1830, 'upload/2020-05-04/2020-05-04_1835.jpg', 28, 8547, '2020-05-04 22:30:00', NULL, '2020-05-04 22:45:00', 1);
INSERT INTO `record` VALUES (1831, 'upload/2020-05-04/2020-05-04_1835.jpg', 62, 3478, '2020-05-04 22:30:00', NULL, '2020-05-04 22:45:00', 1);
INSERT INTO `record` VALUES (1832, 'upload/2020-05-04/2020-05-04_1835.jpg', 57, 2995, '2020-05-04 05:00:00', NULL, '2020-05-04 06:00:00', 1);
INSERT INTO `record` VALUES (1833, 'upload/2020-05-04/2020-05-04_1835.jpg', 63, 6951, '2020-05-04 04:00:00', NULL, '2020-05-04 05:00:00', 1);
INSERT INTO `record` VALUES (1834, 'upload/2020-05-04/2020-05-04_1835.jpg', 135, 3787, '2020-05-04 12:00:00', NULL, '2020-05-04 13:00:00', 1);
INSERT INTO `record` VALUES (1835, 'upload/2020-05-04/2020-05-04_1835.jpg', 63, 756, '2020-05-03 14:00:00', '2020-05-04 14:44:42', '2020-05-05 15:00:00', 1);
INSERT INTO `record` VALUES (1837, 'upload/2020-05-04/2020-05-04_1835.jpg', 12, 204, '2020-04-30 22:30:00', NULL, '2020-04-30 22:45:00', 1);
INSERT INTO `record` VALUES (1838, NULL, 22, 3036, '2020-05-04 22:30:00', NULL, '2020-05-04 22:45:00', 1);
INSERT INTO `record` VALUES (1839, 'upload/2020-05-04/2020-05-04_1835.jpg', 46, 1924, '2020-05-04 19:00:00', NULL, '2020-05-04 20:00:00', 1);
INSERT INTO `record` VALUES (1840, 'upload/2020-05-04/2020-05-04_1835.jpg', 48, 2446, '2020-05-04 19:00:00', NULL, '2020-05-04 20:00:00', 1);
INSERT INTO `record` VALUES (1841, 'upload/2020-05-04/2020-05-04_1835.jpg', 64, 9977, '2020-05-04 19:00:00', NULL, '2020-05-04 20:00:00', 1);
INSERT INTO `record` VALUES (1842, NULL, 36, 5911, '2020-05-04 22:30:00', NULL, '2020-05-04 22:45:00', 0);
INSERT INTO `record` VALUES (1843, NULL, 72, 9049, '2020-05-04 22:30:00', NULL, '2020-05-04 22:45:00', 0);
INSERT INTO `record` VALUES (1844, NULL, 44, 9991, '2020-05-04 22:30:00', NULL, '2020-05-04 22:45:00', 0);
INSERT INTO `record` VALUES (1845, NULL, 57, 5144, '2020-05-04 22:30:00', NULL, '2020-05-04 22:45:00', 0);
INSERT INTO `record` VALUES (1846, NULL, 18, 1916, '2020-05-04 22:30:00', NULL, '2020-05-04 22:45:00', 0);
INSERT INTO `record` VALUES (1847, NULL, 59, 1888, '2020-05-04 22:30:00', NULL, '2020-05-04 22:45:00', 0);

-- ----------------------------
-- Table structure for student
-- ----------------------------
DROP TABLE IF EXISTS `student`;
CREATE TABLE `student`  (
  `id` int(11) NOT NULL COMMENT '学号',
  `sex` varchar(2) CHARACTER SET utf8 COLLATE utf8_general_ci NOT NULL COMMENT '性别',
  `username` varchar(16) CHARACTER SET utf8 COLLATE utf8_general_ci NOT NULL COMMENT '学生填宿舍号，辅导员填姓名',
  `password` varchar(32) CHARACTER SET utf8 COLLATE utf8_general_ci NOT NULL COMMENT '密码，md5加密',
  `email` varchar(32) CHARACTER SET utf8 COLLATE utf8_general_ci NULL DEFAULT NULL COMMENT '电子邮箱',
  `phone` varchar(11) CHARACTER SET utf8 COLLATE utf8_general_ci NULL DEFAULT NULL COMMENT '手机号码',
  `face_url` varchar(256) CHARACTER SET utf8 COLLATE utf8_general_ci NULL DEFAULT NULL COMMENT '头像地址',
  `grade` int(4) NOT NULL COMMENT '年级',
  `department` varchar(16) CHARACTER SET utf8 COLLATE utf8_general_ci NOT NULL COMMENT '系别',
  PRIMARY KEY (`id`) USING BTREE
) ENGINE = MyISAM CHARACTER SET = utf8 COLLATE = utf8_general_ci ROW_FORMAT = Dynamic;

-- ----------------------------
-- Records of student
-- ----------------------------
INSERT INTO `student` VALUES (211706001, '男', '123123', '4e836f27aa4b34da91c935d3634d0fc0', 'undefined', '17720762997', 'face_url/211706001.jpg', 2017, '计算机工程系');
INSERT INTO `student` VALUES (211706002, '男', '中二#104', '2bf29fd88bdfeac32aa49b325c490aee', '1091222140@qq.com', '17720760002', NULL, 2017, '计算机工程系');
INSERT INTO `student` VALUES (211706003, '男', '中二#105', '202cb962ac59075b964b07152d234b70', '123450003@mail.com', '17720760003', NULL, 2017, '计算机工程系');
INSERT INTO `student` VALUES (211706004, '男', '中二#106', '202cb962ac59075b964b07152d234b70', '123450004@mail.com', '17720760004', NULL, 2017, '计算机工程系');
INSERT INTO `student` VALUES (211706005, '男', '中二#107', '742b639b14e664c7840e02cb0e168fb5', '947368746@qq.com', '17720760005', 'face_url/211706005.jpg', 2017, '计算机工程系');
INSERT INTO `student` VALUES (211706006, '男', '中二#108', '202cb962ac59075b964b07152d234b70', '123450006@mail.com', '17720760006', NULL, 2017, '计算机工程系');
INSERT INTO `student` VALUES (211706007, '男', '中二#111', '202cb962ac59075b964b07152d234b70', '123450007@mail.com', '17720760007', NULL, 2017, '计算机工程系');
INSERT INTO `student` VALUES (211706008, '男', '中二#112', '202cb962ac59075b964b07152d234b70', '123450008@mail.com', '17720760008', NULL, 2017, '计算机工程系');
INSERT INTO `student` VALUES (211706009, '男', '中二#113', '202cb962ac59075b964b07152d234b70', '123450009@mail.com', '17720760009', NULL, 2017, '计算机工程系');
INSERT INTO `student` VALUES (211706010, '男', '中二#114', '202cb962ac59075b964b07152d234b70', '123450010@mail.com', '17720760010', NULL, 2017, '计算机工程系');
INSERT INTO `student` VALUES (211706011, '男', '中二#115', '202cb962ac59075b964b07152d234b70', '123450011@mail.com', '17720760011', NULL, 2017, '计算机工程系');
INSERT INTO `student` VALUES (211706012, '男', '中二#116', '202cb962ac59075b964b07152d234b70', '123450012@mail.com', '17720760012', NULL, 2017, '计算机工程系');
INSERT INTO `student` VALUES (211706013, '男', '中二#117', '202cb962ac59075b964b07152d234b70', '123450013@mail.com', '17720760013', NULL, 2017, '计算机工程系');
INSERT INTO `student` VALUES (211706014, '男', '中二#118', '202cb962ac59075b964b07152d234b70', '123450014@mail.com', '17720760014', NULL, 2017, '计算机工程系');
INSERT INTO `student` VALUES (211706015, '男', '东一#001', '202cb962ac59075b964b07152d234b70', '123450015@mail.com', '17720760015', NULL, 2017, '计算机工程系');
INSERT INTO `student` VALUES (211706016, '男', '中二#120', 'defac44447b57f152d14f30cea7a73cb', '123450016@mail.com', '18120809912', NULL, 2017, '计算机工程系');
INSERT INTO `student` VALUES (211706017, '男', '中二#121', '202cb962ac59075b964b07152d234b70', '123450017@mail.com', '17720760017', NULL, 2017, '计算机工程系');
INSERT INTO `student` VALUES (211706018, '男', '中二#122', '202cb962ac59075b964b07152d234b70', '123450018@mail.com', '17720760018', NULL, 2017, '计算机工程系');
INSERT INTO `student` VALUES (211706019, '男', '中二#123', '202cb962ac59075b964b07152d234b70', '123450019@mail.com', '17720760019', NULL, 2017, '计算机工程系');
INSERT INTO `student` VALUES (211706020, '男', '中二#201', '202cb962ac59075b964b07152d234b70', '123450020@mail.com', '17720760020', NULL, 2017, '计算机工程系');
INSERT INTO `student` VALUES (211706021, '男', '中二#202', '202cb962ac59075b964b07152d234b70', '123450021@mail.com', '17720760021', NULL, 2017, '计算机工程系');
INSERT INTO `student` VALUES (211706022, '男', '中二#203', '202cb962ac59075b964b07152d234b70', '123450022@mail.com', '17720760022', NULL, 2017, '计算机工程系');
INSERT INTO `student` VALUES (211706023, '男', '中二#204', '202cb962ac59075b964b07152d234b70', '123450023@mail.com', '17720760023', NULL, 2017, '计算机工程系');
INSERT INTO `student` VALUES (211706024, '男', '中二#205', '202cb962ac59075b964b07152d234b70', '123450024@mail.com', '17720760024', NULL, 2017, '计算机工程系');
INSERT INTO `student` VALUES (211706025, '男', '中二#206', '202cb962ac59075b964b07152d234b70', '123450025@mail.com', '17720760025', NULL, 2017, '计算机工程系');
INSERT INTO `student` VALUES (211706026, '男', '中二#207', '202cb962ac59075b964b07152d234b70', '123450026@mail.com', '17720760026', NULL, 2017, '计算机工程系');
INSERT INTO `student` VALUES (211706027, '男', '中二#208', '202cb962ac59075b964b07152d234b70', '123450027@mail.com', '17720760027', NULL, 2017, '计算机工程系');
INSERT INTO `student` VALUES (211706028, '男', '中二#209', '202cb962ac59075b964b07152d234b70', '123450028@mail.com', '17720760028', NULL, 2017, '计算机工程系');
INSERT INTO `student` VALUES (211706029, '男', '中二#210', '202cb962ac59075b964b07152d234b70', '123450029@mail.com', '17720760029', NULL, 2017, '计算机工程系');
INSERT INTO `student` VALUES (211706030, '男', '中二#213', '202cb962ac59075b964b07152d234b70', '123450030@mail.com', '17720760030', NULL, 2017, '计算机工程系');
INSERT INTO `student` VALUES (211706031, '男', '中二#214', '202cb962ac59075b964b07152d234b70', '123450031@mail.com', '17720760031', NULL, 2017, '计算机工程系');
INSERT INTO `student` VALUES (211706032, '男', '中二#215', '202cb962ac59075b964b07152d234b70', '123450032@mail.com', '17720760032', NULL, 2017, '计算机工程系');
INSERT INTO `student` VALUES (211706033, '男', '中二#216', '202cb962ac59075b964b07152d234b70', '123450033@mail.com', '17720760033', NULL, 2017, '计算机工程系');
INSERT INTO `student` VALUES (211706034, '男', '中二#217', '202cb962ac59075b964b07152d234b70', '123450034@mail.com', '17720760034', NULL, 2017, '计算机工程系');
INSERT INTO `student` VALUES (211706035, '男', '中二#218', '202cb962ac59075b964b07152d234b70', '123450035@mail.com', '17720760035', NULL, 2017, '计算机工程系');
INSERT INTO `student` VALUES (211706036, '男', '中二#219', '202cb962ac59075b964b07152d234b70', '123450036@mail.com', '17720760036', NULL, 2017, '计算机工程系');
INSERT INTO `student` VALUES (211706037, '男', '中二#220', '202cb962ac59075b964b07152d234b70', '123450037@mail.com', '17720760037', NULL, 2017, '计算机工程系');
INSERT INTO `student` VALUES (211706038, '男', '中二#221', '202cb962ac59075b964b07152d234b70', '123450038@mail.com', '17720760038', NULL, 2017, '计算机工程系');
INSERT INTO `student` VALUES (211706039, '男', '中二#222', '202cb962ac59075b964b07152d234b70', '123450039@mail.com', '17720760039', NULL, 2017, '计算机工程系');
INSERT INTO `student` VALUES (211706040, '男', '中二#223', '202cb962ac59075b964b07152d234b70', '123450040@mail.com', '17720760040', NULL, 2017, '计算机工程系');
INSERT INTO `student` VALUES (211706041, '男', '中二#224', '202cb962ac59075b964b07152d234b70', '123450041@mail.com', '17720760041', NULL, 2017, '计算机工程系');
INSERT INTO `student` VALUES (211706042, '男', '中二#225', '202cb962ac59075b964b07152d234b70', '123450042@mail.com', '17720760042', NULL, 2017, '计算机工程系');
INSERT INTO `student` VALUES (211706043, '男', '中二#301', '202cb962ac59075b964b07152d234b70', '123450043@mail.com', '17720760043', NULL, 2017, '计算机工程系');
INSERT INTO `student` VALUES (211706044, '男', '中二#302', '202cb962ac59075b964b07152d234b70', '123450044@mail.com', '17720760044', NULL, 2017, '计算机工程系');
INSERT INTO `student` VALUES (211706045, '男', '中二#303', '202cb962ac59075b964b07152d234b70', '123450045@mail.com', '17720760045', NULL, 2017, '计算机工程系');
INSERT INTO `student` VALUES (211706046, '男', '中二#304', '202cb962ac59075b964b07152d234b70', '123450046@mail.com', '17720760046', NULL, 2017, '计算机工程系');
INSERT INTO `student` VALUES (211706047, '男', '中二#305', '202cb962ac59075b964b07152d234b70', '123450047@mail.com', '17720760047', NULL, 2017, '计算机工程系');
INSERT INTO `student` VALUES (211706048, '男', '中二#306', '202cb962ac59075b964b07152d234b70', '123450048@mail.com', '17720760048', NULL, 2017, '计算机工程系');
INSERT INTO `student` VALUES (211706049, '男', '中二#307', '202cb962ac59075b964b07152d234b70', '123450049@mail.com', '17720760049', NULL, 2017, '计算机工程系');
INSERT INTO `student` VALUES (211706050, '男', '中二#308', '202cb962ac59075b964b07152d234b70', '123450050@mail.com', '17720760050', NULL, 2017, '计算机工程系');
INSERT INTO `student` VALUES (211706051, '男', '中二#309', '202cb962ac59075b964b07152d234b70', '123450051@mail.com', '17720760051', NULL, 2017, '计算机工程系');
INSERT INTO `student` VALUES (211706052, '男', '中二#310', '202cb962ac59075b964b07152d234b70', '123450052@mail.com', '17720760052', NULL, 2017, '计算机工程系');
INSERT INTO `student` VALUES (211706053, '男', '中二#313', '202cb962ac59075b964b07152d234b70', '123450053@mail.com', '17720760053', NULL, 2017, '计算机工程系');
INSERT INTO `student` VALUES (211706054, '男', '中二#314', '202cb962ac59075b964b07152d234b70', '123450054@mail.com', '17720760054', NULL, 2017, '计算机工程系');
INSERT INTO `student` VALUES (211706055, '男', '中二#325', '202cb962ac59075b964b07152d234b70', '123450055@mail.com', '17720760055', NULL, 2017, '计算机工程系');
INSERT INTO `student` VALUES (211706056, '男', '中二#411', '202cb962ac59075b964b07152d234b70', '123450056@mail.com', '17720760056', NULL, 2017, '计算机工程系');
INSERT INTO `student` VALUES (211706057, '女', '东二#410', '202cb962ac59075b964b07152d234b70', '123450057@mail.com', '17720760057', NULL, 2017, '计算机工程系');
INSERT INTO `student` VALUES (211706058, '女', '东二#411', '202cb962ac59075b964b07152d234b70', '123450058@mail.com', '17720760058', NULL, 2017, '计算机工程系');
INSERT INTO `student` VALUES (211706059, '女', '东二#412', '202cb962ac59075b964b07152d234b70', '123450059@mail.com', '17720760059', NULL, 2017, '计算机工程系');
INSERT INTO `student` VALUES (211706060, '女', '东二#413', '202cb962ac59075b964b07152d234b70', '123450060@mail.com', '17720760060', NULL, 2017, '计算机工程系');
INSERT INTO `student` VALUES (211706061, '女', '东二#414', '202cb962ac59075b964b07152d234b70', '123450061@mail.com', '17720760061', NULL, 2017, '计算机工程系');
INSERT INTO `student` VALUES (211706062, '女', '东二#415', '202cb962ac59075b964b07152d234b70', '123450062@mail.com', '17720760062', NULL, 2017, '计算机工程系');
INSERT INTO `student` VALUES (211706063, '女', '东二#416', '202cb962ac59075b964b07152d234b70', '123450063@mail.com', '17720760063', NULL, 2017, '计算机工程系');
INSERT INTO `student` VALUES (211706064, '女', '东二#417', '202cb962ac59075b964b07152d234b70', '123450064@mail.com', '17720760064', NULL, 2017, '计算机工程系');
INSERT INTO `student` VALUES (211706065, '女', '东二#418', '202cb962ac59075b964b07152d234b70', '123450065@mail.com', '17720760065', NULL, 2017, '计算机工程系');
INSERT INTO `student` VALUES (211706066, '女', '东二#419', '202cb962ac59075b964b07152d234b70', '123450066@mail.com', '17720760066', NULL, 2017, '计算机工程系');
INSERT INTO `student` VALUES (211706067, '女', '东二#421', '202cb962ac59075b964b07152d234b70', '123450067@mail.com', '17720760067', NULL, 2017, '计算机工程系');
INSERT INTO `student` VALUES (211706068, '女', '东二#422', '202cb962ac59075b964b07152d234b70', '123450068@mail.com', '17720760068', NULL, 2017, '计算机工程系');
INSERT INTO `student` VALUES (211706069, '女', '东二#423', '202cb962ac59075b964b07152d234b70', '123450069@mail.com', '17720760069', NULL, 2017, '计算机工程系');
INSERT INTO `student` VALUES (211706070, '女', '东二#424', '202cb962ac59075b964b07152d234b70', '123450070@mail.com', '17720760070', NULL, 2017, '计算机工程系');
INSERT INTO `student` VALUES (211706071, '女', '东二#425', '202cb962ac59075b964b07152d234b70', '123450071@mail.com', '17720760071', NULL, 2017, '计算机工程系');
INSERT INTO `student` VALUES (211706072, '女', '东二#426', '202cb962ac59075b964b07152d234b70', '123450072@mail.com', '17720760072', NULL, 2017, '计算机工程系');
INSERT INTO `student` VALUES (111111111, '男', '东二#888', 'bbb8aae57c104cda40c93843ad5e6db8', NULL, NULL, NULL, 2017, '计算机工程系');

SET FOREIGN_KEY_CHECKS = 1;
